TDSFU Daily run: Sat Oct 25 04:12:25 UTC 2025 TDSFU
TDSFU Daily run: Sat Oct 25 04:14:44 UTC 2025 TDSFU
TDSFU Daily run: Sat Oct 25 04:32:32 UTC 2025 TDSFU
TDSFU Daily run: Sat Oct 25 04:34:16 UTC 2025 TDSFU
TDSFU Daily run: Sun Oct 26 04:31:50 UTC 2025 TDSFU
TDSFU Daily run: Mon Oct 27 04:39:39 UTC 2025 TDSFU
TDSFU Daily run: Tue Oct 28 04:34:01 UTC 2025 TDSFU
TDSFU Daily run: Wed Oct 29 04:38:06 UTC 2025 TDSFU
TDSFU Daily run: Thu Oct 30 04:33:37 UTC 2025 TDSFU
TDSFU Daily run: Fri Oct 31 04:35:39 UTC 2025 TDSFU
TDSFU Daily run: Sat Nov  1 04:31:51 UTC 2025 TDSFU
TDSFU Daily run: Sun Nov  2 04:33:37 UTC 2025 TDSFU
